/*Data for the table `gachapon_pool` */

insert  into `gachapon_pool`(`Id`,`NpcId`,`Name`) values (1,-1,'Global'),(2,9100100,'Henesys'),(3,9100101,'Ellinia'),(4,9100102,'Perion'),(5,9100103,'Kerning City'),(6,9100104,'Sleepywood'),(7,9100105,'Mushroom Shrine'),(8,9100106,'Showa Spa Male'),(9,9100107,'Showa Spa Female'),(10,9100108,'Ludibrium'),(11,9100109,'New Leaf City'),(12,9100110,'ElNath'),(13,9100117,'Nautilus Harbor');

/*Data for the table `gachapon_pool_item` */

insert  into `gachapon_pool_item`(`Id`,`PoolId`,`ItemId`,`Level`) values (1,1,2000004,0),(2,1,2000005,0),(3,1,2001002,0),(4,1,2001001,0),(5,1,2020012,0),(6,1,2020013,0),(7,1,2020014,0),(8,1,2020015,0),(9,1,4004000,0),(10,1,4004001,0),(11,1,4004002,0),(12,1,4004003,0),(13,1,4004004,0),(14,1,4006000,0),(15,1,4006001,0),(16,1,4010000,0),(17,1,4010001,0),(18,1,4010002,0),(19,1,4010003,0),(20,1,4010004,0),(21,1,4010005,0),(22,1,4010006,0),(23,1,4010007,0),(24,1,4020000,0),(25,1,4020001,0),(26,1,4020002,0),(27,1,4020003,0),(28,1,4020004,0),(29,1,4020005,0),(30,1,4020006,0),(31,1,4020007,0),(32,1,4020008,0),(33,1,2022179,1),(34,1,2022273,1),(35,1,2022282,1),(36,1,2022283,1),(37,1,2022285,1),(38,1,2022245,1),(39,1,2022182,1),(40,1,2049003,1),(41,1,2049100,2),(42,1,2340000,2),(43,1,3010063,2),(44,1,3010064,2),(45,2,2040001,0),(46,2,2041002,0),(47,2,2040702,0),(48,2,2043802,0),(49,2,2040402,0),(50,2,2043702,0),(51,2,2044813,0),(52,2,2000004,0),(53,2,2000005,0),(54,2,2020012,0),(55,2,2030007,0),(56,2,1432009,0),(57,2,1302022,0),(58,2,1322021,0),(59,2,1302026,0),(60,2,1442017,0),(61,2,1082147,0),(62,2,1102043,0),(63,2,1322026,0),(64,2,1442016,0),(65,2,1402012,0),(66,2,1322025,0),(67,2,1322027,0),(68,2,1302027,0),(69,2,1312012,0),(70,2,1062000,0),(71,2,1332020,0),(72,2,1302028,0),(73,2,1372002,0),(74,2,1002033,0),(75,2,1092022,0),(76,2,1302021,0),(77,2,1322009,0),(78,2,1322024,0),(79,2,1082148,0),(80,2,1002012,0),(81,2,1322012,0),(82,2,1322022,0),(83,2,1002020,0),(84,2,1302013,0),(85,2,1082146,0),(86,2,1442014,0),(87,2,1002096,0),(88,2,1302017,0),(89,2,1442012,0),(90,2,1092011,0),(91,2,1092014,0),(92,2,1302003,0),(93,2,1432001,0),(94,2,1312011,0),(95,2,1002088,0),(96,2,1041020,0),(97,2,1322015,0),(98,2,1442004,0),(99,2,1422008,0),(100,2,1302056,0),(101,2,1432000,0),(102,2,1442005,0),(103,2,1382001,0),(104,2,1041053,0),(105,2,1041029,0),(106,2,1050053,0),(107,2,1051032,0),(108,2,1050073,0),(109,2,1061036,0),(110,2,1002253,0),(111,2,1002034,0),(112,2,1051025,0),(113,2,1050067,0),(114,2,1051052,0),(115,2,1002072,0),(116,2,1002144,0),(117,2,1051054,0),(118,2,1050069,0),(119,2,1372007,0),(120,2,1050056,0),(121,2,1050074,0),(122,2,1002254,0),(123,2,1002274,0),(124,2,1002218,0),(125,2,1051055,0),(126,2,1382010,0),(127,2,1002246,0),(128,2,1050039,0),(129,2,1382007,0),(130,2,1372000,0),(131,2,1002013,0),(132,2,1050072,0),(133,2,1002036,0),(134,2,1002244,0),(135,2,1372008,0),(136,2,1382008,0),(137,2,1382011,0),(138,2,1092021,0),(139,2,1051034,0),(140,2,1050047,0),(141,2,1040019,0),(142,2,1041031,0),(143,2,1051033,0),(144,2,1002153,0),(145,2,1002252,0),(146,2,1051024,0),(147,2,1051053,0),(148,2,1050068,0),(149,2,1382003,0),(150,2,1382006,0),(151,2,1050055,0),(152,2,1051031,0),(153,2,1050025,0),(154,2,1002155,0),(155,2,1002245,0),(156,2,1372001,0),(157,2,1452004,0),(158,2,1452023,0),(159,2,1060057,0),(160,2,1432001,0),(161,2,1040071,0),(162,2,1002137,0),(163,2,1462009,0),(164,2,1452017,0),(165,2,1040025,0),(166,2,1041027,0),(167,2,1452005,0),(168,2,1452007,0),(169,2,1061057,0),(170,2,1472006,0),(171,2,1472019,0),(172,2,1060084,0),(173,2,1472028,0),(174,2,1472004,0),(175,2,1002179,0),(176,2,1082074,0),(177,2,1472029,0),(178,2,1040100,0),(179,2,1332015,0),(180,2,1432001,0),(181,2,1040097,0),(182,2,1060071,0),(183,2,1472007,0),(184,2,1472002,0),(185,2,1051009,0),(186,2,1041044,0),(187,2,1041003,0),(188,2,1332016,0),(189,2,1472020,0),(190,2,1332003,0),(191,2,1002622,0),(192,2,1082204,0),(193,2,1082213,0),(194,2,1082198,0),(195,2,1002631,0),(196,2,1052122,0),(197,2,1482012,0),(198,2,1052131,0),(199,2,1482007,0),(200,2,1482004,0),(201,2,1072318,0),(202,2,1492007,0),(203,2,2040805,1),(204,2,1102041,1),(205,2,1102042,1),(206,2,1442018,1),(207,3,2043302,0),(208,3,2040002,0),(209,3,2043102,0),(210,3,2043002,0),(211,3,2044402,0),(212,3,2044302,0),(213,3,2043802,0),(214,3,2044002,0),(215,3,2041017,0),(216,3,2044902,0),(217,3,2000004,0),(218,3,2000005,0),(219,3,2022025,0),(220,3,2022026,0),(221,3,1402010,0),(222,3,1442013,0),(223,3,1432009,0),(224,3,1002060,0),(225,3,1002063,0),(226,3,1322023,0),(227,3,1002042,0),(228,3,1050018,0),(229,3,1082147,0),(230,3,1002026,0),(231,3,1002392,0),(232,3,1062024,0),(233,3,1442016,0),(234,3,1322025,0),(235,3,1322027,0),(236,3,1302027,0),(237,3,1372006,0),(238,3,1302019,0),(239,3,1092022,0),(240,3,1302021,0),(241,3,1041004,0),(242,3,1002395,0),(243,3,1322024,0),(244,3,1082148,0),(245,3,1002012,0),(246,3,1322012,0),(247,3,1032028,0),(248,3,1102012,0),(249,3,1322022,0),(250,3,1051017,0),(251,3,1302013,0),(252,3,1082146,0),(253,3,1442014,0),(254,3,1302017,0),(255,3,1102013,0),(256,3,1102003,0),(257,3,1002041,0),(258,3,1002097,0),(259,3,1302016,0),(260,3,1082145,0),(261,3,1412006,0),(262,3,1040029,0),(263,3,1040086,0),(264,3,1050005,0),(265,3,1060028,0),(266,3,1002059,0),(267,3,1060008,0),(268,3,1061088,0),(269,3,1402012,0),(270,3,1302003,0),(271,3,1432002,0),(272,3,1312011,0),(273,3,1302008,0),(274,3,1040030,0),(275,3,1002004,0),(276,3,1402015,0),(277,3,1322028,0),(278,3,1322015,0),(279,3,1432006,0),(280,3,1442006,0),(281,3,1322000,0),(282,3,1002085,0),(283,3,1002056,0),(284,3,1092013,0),(285,3,1002058,0),(286,3,1002050,0),(287,3,1060011,0),(288,3,1322009,0),(289,3,1322011,0),(290,3,1442000,0),(291,3,1051011,0),(292,3,1061016,0),(293,3,1060018,0),(294,3,1041024,0),(295,3,1061020,0),(296,3,1302005,0),(297,3,1402002,0),(298,3,1002030,0),(299,3,1092004,0),(300,3,1041023,0),(301,3,1422008,0),(302,3,1060009,0),(303,3,1051000,0),(304,3,1002021,0),(305,3,1442005,0),(306,3,1412003,0),(307,3,1412007,0),(308,3,1422007,0),(309,3,1302009,0),(310,3,1402000,0),(311,3,1402001,0),(312,3,1402007,0),(313,3,1432005,0),(314,3,1382001,0),(315,3,1002037,0),(316,3,1060014,0),(317,3,1040018,0),(318,3,1061027,0),(319,3,1050002,0),(320,3,1002152,0),(321,3,1051027,0),(322,3,1050035,0),(323,3,1050056,0),(324,3,1051047,0),(325,3,1051030,0),(326,3,1002274,0),(327,3,1050074,0),(328,3,1002218,0),(329,3,1002254,0),(330,3,1082088,0),(331,3,1382007,0),(332,3,1002013,0),(333,3,1082087,0),(334,3,1372008,0),(335,3,1382008,0),(336,3,1372002,0),(337,3,1372003,0),(338,3,1382011,0),(339,3,1382004,0),(340,3,1050047,0),(341,3,1040019,0),(342,3,1041041,0),(343,3,1061034,0),(344,3,1041051,0),(345,3,1051045,0),(346,3,1051024,0),(347,3,1082081,0),(348,3,1041030,0),(349,3,1040018,0),(350,3,1002073,0),(351,3,1382003,0),(352,3,1082086,0),(353,3,1382014,0),(354,3,1050055,0),(355,3,1050025,0),(356,3,1002155,0),(357,3,1060015,0),(358,3,1452004,0),(359,3,1462003,0),(360,3,1060070,0),(361,3,1002118,0),(362,3,1061058,0),(363,3,1040003,0),(364,3,1002160,0),(365,3,1002121,0),(366,3,1040068,0),(367,3,1061063,0),(368,3,1040080,0),(369,3,1462004,0),(370,3,1041008,0),(371,3,1061006,0),(372,3,1061009,0),(373,3,1040022,0),(374,3,1002168,0),(375,3,1040067,0),(376,3,1060056,0),(377,3,1041054,0),(378,3,1041067,0),(379,3,1060063,0),(380,3,1002213,0),(381,3,1002119,0),(382,3,1462005,0),(383,3,1452001,0),(384,3,1462000,0),(385,3,1040025,0),(386,3,1002166,0),(387,3,1002161,0),(388,3,1040069,0),(389,3,1051039,0),(390,3,1452006,0),(391,3,1462006,0),(392,3,1452007,0),(393,3,1402001,0),(394,3,1041062,0),(395,3,1472010,0),(396,3,1472006,0),(397,3,1332011,0),(398,3,1472031,0),(399,3,1041048,0),(400,3,1472019,0),(401,3,1041095,0),(402,3,1040095,0),(403,3,1002128,0),(404,3,1061077,0),(405,3,1060025,0),(406,3,1041040,0),(407,3,1061033,0),(408,3,1472028,0),(409,3,1472022,0),(410,3,1472011,0),(411,3,1040096,0),(412,3,1062002,0),(413,3,1002129,0),(414,3,1472026,0),(415,3,1332009,0),(416,3,1060043,0),(417,3,1002249,0),(418,3,1472021,0),(419,3,1040084,0),(420,3,1332015,0),(421,3,1002173,0),(422,3,1002148,0),(423,3,1332004,0),(424,3,1332018,0),(425,3,1472009,0),(426,3,1061069,0),(427,3,1002176,0),(428,3,1041044,0),(429,3,1061037,0),(430,3,1060032,0),(431,3,1472020,0),(432,3,1040060,0),(433,3,1472018,0),(434,3,1332013,0),(435,3,1332002,0),(436,3,1402001,0),(437,3,1002625,0),(438,3,1002616,0),(439,3,1482005,0),(440,3,1052098,0),(441,3,1482003,0),(442,3,1482001,0),(443,3,1492004,0),(444,3,1002622,0),(445,3,1492005,0),(446,3,1082195,0),(447,3,1082149,1),(448,3,1002391,1),(449,3,1002419,1),(450,4,2044907,0),(451,4,2044802,0),(452,4,2000004,0),(453,4,2000005,0),(454,4,1402010,0),(455,4,1302022,0),(456,4,1002060,0),(457,4,1322021,0),(458,4,1082147,0),(459,4,1002006,0),(460,4,1002026,0),(461,4,1002392,0),(462,4,1322025,0),(463,4,1322027,0),(464,4,1102000,0),(465,4,1082150,0),(466,4,1332020,0),(467,4,1322007,0),(468,4,1302021,0),(469,4,1002395,0),(470,4,1082148,0),(471,4,1322012,0),(472,4,1302017,0),(473,4,1322010,0),(474,4,1032000,0),(475,4,1102013,0),(476,4,1002097,0),(477,4,1322020,0),(478,4,1312007,0),(479,4,1312008,0),(480,4,1302004,0),(481,4,1312006,0),(482,4,1082036,0),(483,4,1082117,0),(484,4,1061088,0),(485,4,1302008,0),(486,4,1422005,0),(487,4,1002048,0),(488,4,1061087,0),(489,4,1302018,0),(490,4,1322017,0),(491,4,1422001,0),(492,4,1040103,0),(493,4,1060077,0),(494,4,1002022,0),(495,4,1002050,0),(496,4,1442000,0),(497,4,1432030,0),(498,4,1402037,0),(499,4,1092002,0),(500,4,1041092,0),(501,4,1050006,0),(502,4,1432004,0),(503,4,1061019,0),(504,4,1432000,0),(505,4,1060009,0),(506,4,1051000,0),(507,4,1002021,0),(508,4,1322014,0),(509,4,1432005,0),(510,4,1051032,0),(511,4,1040018,0),(512,4,1051027,0),(513,4,1372007,0),(514,4,1050049,0),(515,4,1002036,0),(516,4,1382012,0),(517,4,1002217,0),(518,4,1051033,0),(519,4,1382006,0),(520,4,1050048,0),(521,4,1061061,0),(522,4,1060062,0),(523,4,1040075,0),(524,4,1462013,0),(525,4,1041065,0),(526,4,1452006,0),(527,4,1040095,0),(528,4,1060084,0),(529,4,1002182,0),(530,4,1041049,0),(531,4,1002247,0),(532,4,1332024,0),(533,4,1332009,0),(534,4,1060024,0),(535,4,1332015,0),(536,4,1041060,0),(537,4,1061032,0),(538,4,1041074,0),(539,4,1041003,0),(540,4,1332016,0),(541,4,1472020,0),(542,4,1332003,0),(543,4,1041059,0),(544,4,1482001,0),(545,4,1492002,0),(546,4,1052113,0),(547,4,1002616,0),(548,4,1072294,0),(549,4,1492004,0),(550,4,1482006,0),(551,4,1082192,0),(552,4,1082189,0),(553,4,1082195,0),(554,4,1082149,1),(555,4,1002391,1),(556,4,1002419,1),(557,4,1102041,1),(558,5,2041016,0),(559,5,2043302,0),(560,5,2040902,0),(561,5,2044804,0),(562,5,2044906,0),(563,5,2000004,0),(564,5,2000005,0),(565,5,2022025,0),(566,5,2022027,0),(567,5,1442013,0),(568,5,1432009,0),(569,5,1322021,0),(570,5,1050018,0),(571,5,1002392,0),(572,5,1002394,0),(573,5,1442004,0),(574,5,1372002,0),(575,5,1002418,0),(576,5,1002033,0),(577,5,1092008,0),(578,5,1082148,0),(579,5,1062001,0),(580,5,1302017,0),(581,5,1032023,0),(582,5,1102013,0),(583,5,1102040,0),(584,5,1002041,0),(585,5,1002097,0),(586,5,1332026,0),(587,5,1051010,0),(588,5,1432001,0),(589,5,1422005,0),(590,5,1332019,0),(591,5,1302010,0),(592,5,1002056,0),(593,5,1060011,0),(594,5,1322011,0),(595,5,1432004,0),(596,5,1002028,0),(597,5,1051000,0),(598,5,1442007,0),(599,5,1302002,0),(600,5,1002037,0),(601,5,1002034,0),(602,5,1082020,0),(603,5,1050039,0),(604,5,1372000,0),(605,5,1002215,0),(606,5,1051034,0),(607,5,1040019,0),(608,5,1061034,0),(609,5,1382003,0),(610,5,1382006,0),(611,5,1050025,0),(612,5,1002118,0),(613,5,1061081,0),(614,5,1452011,0),(615,5,1462012,0),(616,5,1452006,0),(617,5,1452007,0),(618,5,1472010,0),(619,5,1472029,0),(620,5,1041048,0),(621,5,1041095,0),(622,5,1060031,0),(623,5,1061033,0),(624,5,1041049,0),(625,5,1472011,0),(626,5,1040096,0),(627,5,1472033,0),(628,5,1332026,0),(629,5,1051006,0),(630,5,1082074,0),(631,5,1472025,0),(632,5,1061106,0),(633,5,1040084,0),(634,5,1332015,0),(635,5,1472000,0),(636,5,1332019,0),(637,5,1002183,0),(638,5,1002209,0),(639,5,1092020,0),(640,5,1332029,0),(641,5,1092019,0),(642,5,1061099,0),(643,5,1060106,0),(644,5,1040032,0),(645,5,1040059,0),(646,5,1332003,0),(647,5,1040060,0),(648,5,1060046,0),(649,5,1472005,0),(650,5,1332027,0),(651,5,1082192,0),(652,5,1072288,0),(653,5,1492003,0),(654,5,1052113,0),(655,5,1052104,0),(656,5,1492002,0),(657,5,1052095,0),(658,5,1492001,0),(659,5,1002613,0),(660,5,1492004,0),(661,5,2040805,1),(662,5,1082149,1),(663,5,1102041,1),(664,6,2048003,0),(665,6,2048000,0),(666,6,2040601,0),(667,6,2044501,0),(668,6,2041019,0),(669,6,2041016,0),(670,6,2041022,0),(671,6,2041010,0),(672,6,2041013,0),(673,6,2043301,0),(674,6,2040301,0),(675,6,2040801,0),(676,6,2040001,0),(677,6,2040004,0),(678,6,2043101,0),(679,6,2043201,0),(680,6,2043001,0),(681,6,2040504,0),(682,6,2040501,0),(683,6,2048004,0),(684,6,2048001,0),(685,6,2044401,0),(686,6,2040901,0),(687,6,2040701,0),(688,6,2040704,0),(689,6,2040707,0),(690,6,2044301,0),(691,6,2043801,0),(692,6,2044101,0),(693,6,2044201,0),(694,6,2044001,0),(695,6,2040602,0),(696,6,2044502,0),(697,6,2041020,0),(698,6,2041017,0),(699,6,2041023,0),(700,6,2041014,0),(701,6,2041005,0),(702,6,2044702,0),(703,6,2044602,0),(704,6,2043302,0),(705,6,2040302,0),(706,6,2040802,0),(707,6,2040005,0),(708,6,2043202,0),(709,6,2043002,0),(710,6,2040505,0),(711,6,2040502,0),(712,6,2048005,0),(713,6,2048002,0),(714,6,2044402,0),(715,6,2040902,0),(716,6,2040702,0),(717,6,2040705,0),(718,6,2040708,0),(719,6,2044302,0),(720,6,2043802,0),(721,6,2044202,0),(722,6,2044002,0),(723,6,2044801,0),(724,6,2044903,0),(725,6,2044814,0),(726,6,2012000,0),(727,6,2012003,0),(728,6,2020007,0),(729,6,2000004,0),(730,6,2012001,0),(731,6,2020008,0),(732,6,2070006,0),(733,6,2020012,0),(734,6,2000005,0),(735,6,2030007,0),(736,6,2012002,0),(737,6,2002001,0),(738,6,2070005,0),(739,6,1032003,0),(740,6,1432009,0),(741,6,1102014,0),(742,6,1102018,0),(743,6,1002392,0),(744,6,1322026,0),(745,6,1032022,0),(746,6,1312012,0),(747,6,1332020,0),(748,6,1092030,0),(749,6,1032016,0),(750,6,1032015,0),(751,6,1032014,0),(752,6,1322024,0),(753,6,1032013,0),(754,6,1322022,0),(755,6,1102016,0),(756,6,1032012,0),(757,6,1032023,0),(758,6,1402014,0),(759,6,1032000,0),(760,6,1102017,0),(761,6,1402017,0),(762,6,1051010,0),(763,6,1432011,0),(764,6,1442006,0),(765,6,1322002,0),(766,6,1422004,0),(767,6,1432010,0),(768,6,1051011,0),(769,6,1060018,0),(770,6,1432000,0),(771,6,1422003,0),(772,6,1412003,0),(773,6,1422000,0),(774,6,1002034,0),(775,6,1002142,0),(776,6,1382010,0),(777,6,1002013,0),(778,6,1382008,0),(779,6,1382011,0),(780,6,1050047,0),(781,6,1002065,0),(782,6,1452003,0),(783,6,1002165,0),(784,6,1040068,0),(785,6,1462013,0),(786,6,1462011,0),(787,6,1462012,0),(788,6,1061050,0),(789,6,1462010,0),(790,6,1002161,0),(791,6,1332022,0),(792,6,1002175,0),(793,6,1040042,0),(794,6,1472004,0),(795,6,1040057,0),(796,6,1332031,0),(797,6,1332023,0),(798,6,1332010,0),(799,6,1002171,0),(800,6,1060046,0),(801,6,1002631,0),(802,6,1002634,0),(803,6,1002637,0),(804,6,1052116,0),(805,6,1052119,0),(806,6,1052122,0),(807,6,1072303,0),(808,6,1072306,0),(809,6,1072309,0),(810,6,1082198,0),(811,6,1082201,0),(812,6,1082204,0),(813,6,1482007,0),(814,6,1482008,0),(815,6,1482009,0),(816,6,2040804,1),(817,6,2040817,1),(818,6,2040805,1),(819,6,2340000,1),(820,6,1082149,1),(821,6,1442018,1),(822,7,2040305,0),(823,7,2040306,0),(824,7,2040308,0),(825,7,2044604,0),(826,7,2041039,0),(827,7,2041037,0),(828,7,2041035,0),(829,7,2041034,0),(830,7,2041041,0),(831,7,2040608,0),(832,7,2040605,0),(833,7,2040604,0),(834,7,2040611,0),(835,7,2040610,0),(836,7,2040813,0),(837,7,2040808,0),(838,7,2043004,0),(839,7,2040017,0),(840,7,2040015,0),(841,7,2040011,0),(842,7,2040013,0),(843,7,2040405,0),(844,7,2040406,0),(845,7,2040410,0),(846,7,2040511,0),(847,7,2040509,0),(848,7,2040508,0),(849,7,2040519,0),(850,7,2040521,0),(851,7,2040108,0),(852,7,2040904,0),(853,7,2040908,0),(854,7,2043104,0),(855,7,2044104,0),(856,7,2043005,0),(857,7,2043004,0),(858,7,2043006,0),(859,7,2044004,0),(860,7,2044205,0),(861,7,2043304,0),(862,7,2040607,0),(863,7,2040715,0),(864,7,2040713,0),(865,7,2044305,0),(866,7,2044904,0),(867,7,1102040,0),(868,7,1002392,0),(869,7,1432009,0),(870,7,1002393,0),(871,7,1002394,0),(872,7,1082147,0),(873,7,1082148,0),(874,7,1032028,0),(875,7,1002585,0),(876,7,1002586,0),(877,7,1432013,0),(878,7,1022047,0),(879,7,1322027,0),(880,7,1012056,0),(881,7,1432018,0),(882,7,1072264,0),(883,7,1072262,0),(884,7,1072263,0),(885,7,1060074,0),(886,7,1322002,0),(887,7,1002340,0),(888,7,1442004,0),(889,7,1402037,0),(890,7,1422008,0),(891,7,1050022,0),(892,7,1382037,0),(893,7,1060014,0),(894,7,1051026,0),(895,7,1050056,0),(896,7,1050029,0),(897,7,1051030,0),(898,7,1382036,0),(899,7,1372032,0),(900,7,1041015,0),(901,7,1382015,0),(902,7,1372008,0),(903,7,1382008,0),(904,7,1452018,0),(905,7,1041068,0),(906,7,1462007,0),(907,7,1060052,0),(908,7,1472013,0),(909,7,1002180,0),(910,7,1002170,0),(911,7,1060073,0),(912,7,1060099,0),(913,7,1492004,0),(914,7,1492012,0),(915,7,1482009,0),(916,7,1072303,0),(917,7,1002637,0),(918,7,1052107,0),(919,7,1082189,0),(920,7,1052116,0),(921,7,1072309,0),(922,7,2040811,1),(923,7,2040810,1),(924,7,2040815,1),(925,7,1102041,1),(926,7,1102042,1),(927,7,1082149,1),(928,7,1102084,2),(929,7,3010019,2),(930,8,2048005,0),(931,8,2048002,0),(932,8,2043202,0),(933,8,2044602,0),(934,8,2043214,0),(935,8,2041307,0),(936,8,2041035,0),(937,8,2044104,0),(938,8,2044505,0),(939,8,2044305,0),(940,8,2043304,0),(941,8,2044902,0),(942,8,2044901,0),(943,8,2044811,0),(944,8,2044903,0),(945,8,2044804,0),(946,8,2022016,0),(947,8,2000005,0),(948,8,2022025,0),(949,8,2022027,0),(950,8,1332020,0),(951,8,1312004,0),(952,8,1332032,0),(953,8,1322023,0),(954,8,1322026,0),(955,8,1322022,0),(956,8,1322012,0),(957,8,1302014,0),(958,8,1302049,0),(959,8,1302017,0),(960,8,1332007,0),(961,8,1432009,0),(962,8,1432016,0),(963,8,1432017,0),(964,8,1432009,0),(965,8,1402013,0),(966,8,1402044,0),(967,8,1442014,0),(968,8,1442017,0),(969,8,1442016,0),(970,8,1442025,0),(971,8,1002418,0),(972,8,1082178,0),(973,8,1082179,0),(974,8,1082148,0),(975,8,1032027,0),(976,8,1032032,0),(977,8,1102028,0),(978,8,1102086,0),(979,8,3010073,0),(980,8,3010111,0),(981,8,1412005,0),(982,8,1402048,0),(983,8,1402049,0),(984,8,1322011,0),(985,8,1302003,0),(986,8,1302004,0),(987,8,1302008,0),(988,8,1372000,0),(989,8,1372009,0),(990,8,1372001,0),(991,8,1372011,0),(992,8,1382006,0),(993,8,1382014,0),(994,8,1452018,0),(995,8,1452006,0),(996,8,1452008,0),(997,8,1452005,0),(998,8,1462002,0),(999,8,1462007,0),(1000,8,1462003,0),(1001,8,1002169,0),(1002,8,1472023,0),(1003,8,1332012,0),(1004,8,1332017,0),(1005,8,1332022,0),(1006,8,1332006,0),(1007,8,1332029,0),(1008,8,1040097,0),(1009,8,1052107,0),(1010,8,1082204,0),(1011,8,1072318,0),(1012,8,1002637,0),(1013,8,1482009,0),(1014,8,1492007,0),(1015,8,2040916,1),(1016,8,1102042,1),(1017,9,2048005,0),(1018,9,2048002,0),(1019,9,2043202,0),(1020,9,2044602,0),(1021,9,2043214,0),(1022,9,2041307,0),(1023,9,2041035,0),(1024,9,2044104,0),(1025,9,2044505,0),(1026,9,2044305,0),(1027,9,2043304,0),(1028,9,2041309,0),(1029,9,2044010,0),(1030,9,2044803,0),(1031,9,2044814,0),(1032,9,2044904,0),(1033,9,2044902,0),(1034,9,2044901,0),(1035,9,2022016,0),(1036,9,2000005,0),(1037,9,2022025,0),(1038,9,2022027,0),(1039,9,1402000,0),(1040,9,1402013,0),(1041,9,1002418,0),(1042,9,1022047,0),(1043,9,1082145,0),(1044,9,1082147,0),(1045,9,1082146,0),(1046,9,1082178,0),(1047,9,1082175,0),(1048,9,3010073,0),(1049,9,3010099,0),(1050,9,1422013,0),(1051,9,1432030,0),(1052,9,1372002,0),(1053,9,1382003,0),(1054,9,1040023,0),(1055,9,1332003,0),(1056,9,1002209,0),(1057,9,1082198,0),(1058,9,1082213,0),(1059,9,1482007,0),(1060,9,1492004,0),(1061,9,1002646,0),(1062,9,2040916,1),(1063,9,1102042,1),(1064,10,2048000,0),(1065,10,2040601,0),(1066,10,2041019,0),(1067,10,2041007,0),(1068,10,2041016,0),(1069,10,2041022,0),(1070,10,2041001,0),(1071,10,2041010,0),(1072,10,2041013,0),(1073,10,2041004,0),(1074,10,2044701,0),(1075,10,2043301,0),(1076,10,2040301,0),(1077,10,2048004,0),(1078,10,2048001,0),(1079,10,2040901,0),(1080,10,2040701,0),(1081,10,2040704,0),(1082,10,2040707,0),(1083,10,2040602,0),(1084,10,2041020,0),(1085,10,2041008,0),(1086,10,2041017,0),(1087,10,2041023,0),(1088,10,2041002,0),(1089,10,2041011,0),(1090,10,2041014,0),(1091,10,2041005,0),(1092,10,2044702,0),(1093,10,2043302,0),(1094,10,2040302,0),(1095,10,2040002,0),(1096,10,2044402,0),(1097,10,2048005,0),(1098,10,2048002,0),(1099,10,2040702,0),(1100,10,2040705,0),(1101,10,2040708,0),(1102,10,2044302,0),(1103,10,2043802,0),(1104,10,2040402,0),(1105,10,2043702,0),(1106,10,2044811,0),(1107,10,2000004,0),(1108,10,2000005,0),(1109,10,4006000,0),(1110,10,4006001,0),(1111,10,1032003,0),(1112,10,1432009,0),(1113,10,1302022,0),(1114,10,1302029,0),(1115,10,1102014,0),(1116,10,1102018,0),(1117,10,1312014,0),(1118,10,1302026,0),(1119,10,1102015,0),(1120,10,1032011,0),(1121,10,1312013,0),(1122,10,1032008,0),(1123,10,1032019,0),(1124,10,1032007,0),(1125,10,1332030,0),(1126,10,1032020,0),(1127,10,1032004,0),(1128,10,1302027,0),(1129,10,1032022,0),(1130,10,1312012,0),(1131,10,1032021,0),(1132,10,1032006,0),(1133,10,1302028,0),(1134,10,1322003,0),(1135,10,1032016,0),(1136,10,1032015,0),(1137,10,1302024,0),(1138,10,1092008,0),(1139,10,1032018,0),(1140,10,1302021,0),(1141,10,1032014,0),(1142,10,1332021,0),(1143,10,1322012,0),(1144,10,1032005,0),(1145,10,1032013,0),(1146,10,1102012,0),(1147,10,1302025,0),(1148,10,1302013,0),(1149,10,1032002,0),(1150,10,1032001,0),(1151,10,1032012,0),(1152,10,1302017,0),(1153,10,1032010,0),(1154,10,1402014,0),(1155,10,1102017,0),(1156,10,1102013,0),(1157,10,1442021,0),(1158,10,1032009,0),(1159,10,1332021,0),(1160,10,1422011,0),(1161,10,1402017,0),(1162,10,1422005,0),(1163,10,1002023,0),(1164,10,1332016,0),(1165,10,1432005,0),(1166,10,1002037,0),(1167,10,1002034,0),(1168,10,1002064,0),(1169,10,1002038,0),(1170,10,1002013,0),(1171,10,1002036,0),(1172,10,1382011,0),(1173,10,1002035,0),(1174,10,1002065,0),(1175,10,1382014,0),(1176,10,1372001,0),(1177,10,1452026,0),(1178,10,1002162,0),(1179,10,1002164,0),(1180,10,1462018,0),(1181,10,1002165,0),(1182,10,1452014,0),(1183,10,1002163,0),(1184,10,1452012,0),(1185,10,1002161,0),(1186,10,1452009,0),(1187,10,1462007,0),(1188,10,1332022,0),(1189,10,1002175,0),(1190,10,1002172,0),(1191,10,1002174,0),(1192,10,1040096,0),(1193,10,1472033,0),(1194,10,1002173,0),(1195,10,1332054,0),(1196,10,1472054,0),(1197,10,1002171,0),(1198,10,1332016,0),(1199,10,1002646,0),(1200,10,2040805,1),(1201,10,1002419,1),(1202,10,1442018,1),(1203,11,2040406,0),(1204,11,2040408,0),(1205,11,2040404,0),(1206,11,2040411,0),(1207,11,2040409,0),(1208,11,2044405,0),(1209,11,2040610,0),(1210,11,2040607,0),(1211,11,2040812,0),(1212,11,2041039,0),(1213,11,2041040,0),(1214,11,2041034,0),(1215,11,2041030,0),(1216,11,2041037,0),(1217,11,2043105,0),(1218,11,2043304,0),(1219,11,2040103,0),(1220,11,2040605,0),(1221,11,2040611,0),(1222,11,2043004,0),(1223,11,2043204,0),(1224,11,2044204,0),(1225,11,2044005,0),(1226,11,2040521,0),(1227,11,2040510,0),(1228,11,2043304,0),(1229,11,2040908,0),(1230,11,2040904,0),(1231,11,2040907,0),(1232,11,2040809,0),(1233,11,2040812,0),(1234,11,2040014,0),(1235,11,2040714,0),(1236,11,2040712,0),(1237,11,2044004,0),(1238,11,2043705,0),(1239,11,2044505,0),(1240,11,2040519,0),(1241,11,2040204,0),(1242,11,2040104,0),(1243,11,2040109,0),(1244,11,2044704,0),(1245,11,2040906,0),(1246,11,2044304,0),(1247,11,2043007,0),(1248,11,2040307,0),(1249,11,2040304,0),(1250,11,2040309,0),(1251,11,2040208,0),(1252,11,2040209,0),(1253,11,2044803,0),(1254,11,1102040,0),(1255,11,1102086,0),(1256,11,1082145,0),(1257,11,1032027,0),(1258,11,1082146,0),(1259,11,1002395,0),(1260,11,1002083,0),(1261,11,1002392,0),(1262,11,1002587,0),(1263,11,1022047,0),(1264,11,1312002,0),(1265,11,1432013,0),(1266,11,1060030,0),(1267,11,1422008,0),(1268,11,1050022,0),(1269,11,1050011,0),(1270,11,1402013,0),(1271,11,1402017,0),(1272,11,1302012,0),(1273,11,1002074,0),(1274,11,1050029,0),(1275,11,1040093,0),(1276,11,1050056,0),(1277,11,1050039,0),(1278,11,1382008,0),(1279,11,1002159,0),(1280,11,1061051,0),(1281,11,1040023,0),(1282,11,1061054,0),(1283,11,1061106,0),(1284,11,1002249,0),(1285,11,1040084,0),(1286,11,1060052,0),(1287,11,1472054,0),(1288,11,1002640,0),(1289,11,1002643,0),(1290,11,1002646,0),(1291,11,1052125,0),(1292,11,1052128,0),(1293,11,1052131,0),(1294,11,1072312,0),(1295,11,1072315,0),(1296,11,1072318,0),(1297,11,1082207,0),(1298,11,1082210,0),(1299,11,1082213,0),(1300,11,1482010,0),(1301,11,1482011,0),(1302,11,1002640,0),(1303,11,1482012,0),(1304,11,1492010,0),(1305,11,1492011,0),(1306,11,1492012,0),(1307,11,2022284,1),(1308,11,2040811,1),(1309,11,2040815,1),(1310,11,2040811,1),(1311,11,1102041,1),(1312,11,1102042,1),(1313,11,1082149,1),(1314,12,2041012,0),(1315,12,2048003,0),(1316,12,2043800,0),(1317,12,2043301,0),(1318,12,2040301,0),(1319,12,2043101,0),(1320,12,2043201,0),(1321,12,2043001,0),(1322,12,2044301,0),(1323,12,2043801,0),(1324,12,2044201,0),(1325,12,2043701,0),(1326,12,2044502,0),(1327,12,2041011,0),(1328,12,2041014,0),(1329,12,2044602,0),(1330,12,2043302,0),(1331,12,2043202,0),(1332,12,2043002,0),(1333,12,2048005,0),(1334,12,2044402,0),(1335,12,2044302,0),(1336,12,2043802,0),(1337,12,2044102,0),(1338,12,2044202,0),(1339,12,2043702,0),(1340,12,2044812,0),(1341,12,2000004,0),(1342,12,2000005,0),(1343,12,1402010,0),(1344,12,1032003,0),(1345,12,1442013,0),(1346,12,1432009,0),(1347,12,1302022,0),(1348,12,1302029,0),(1349,12,1322021,0),(1350,12,1302026,0),(1351,12,1442017,0),(1352,12,1322023,0),(1353,12,1102011,0),(1354,12,1032008,0),(1355,12,1322026,0),(1356,12,1442016,0),(1357,12,1312000,0),(1358,12,1032007,0),(1359,12,1322025,0),(1360,12,1322027,0),(1361,12,1032020,0),(1362,12,1442015,0),(1363,12,1432017,0),(1364,12,1302027,0),(1365,12,1302049,0),(1366,12,1372006,0),(1367,12,1032022,0),(1368,12,1032021,0),(1369,12,1372004,0),(1370,12,1332020,0),(1371,12,1322007,0),(1372,12,1032006,0),(1373,12,1302028,0),(1374,12,1322003,0),(1375,12,1302007,0),(1376,12,1092030,0),(1377,12,1302021,0),(1378,12,1322024,0),(1379,12,1322012,0),(1380,12,1032005,0),(1381,12,1322022,0),(1382,12,1032013,0),(1383,12,1302025,0),(1384,12,1302013,0),(1385,12,1032017,0),(1386,12,1032002,0),(1387,12,1032001,0),(1388,12,1302017,0),(1389,12,1432018,0),(1390,12,1442012,0),(1391,12,1302000,0),(1392,12,1032000,0),(1393,12,1102013,0),(1394,12,1442022,0),(1395,12,1372005,0),(1396,12,1442021,0),(1397,12,1032009,0),(1398,12,1302016,0),(1399,12,1442003,0),(1400,12,1312007,0),(1401,12,1402008,0),(1402,12,1312008,0),(1403,12,1412008,0),(1404,12,1442009,0),(1405,12,1302004,0),(1406,12,1312006,0),(1407,12,1442016,0),(1408,12,1402012,0),(1409,12,1302003,0),(1410,12,1312005,0),(1411,12,1432002,0),(1412,12,1432001,0),(1413,12,1302008,0),(1414,12,1040030,0),(1415,12,1402015,0),(1416,12,1322015,0),(1417,12,1432006,0),(1418,12,1322002,0),(1419,12,1302010,0),(1420,12,1322017,0),(1421,12,1402003,0),(1422,12,1402006,0),(1423,12,1322000,0),(1424,12,1422001,0),(1425,12,1442001,0),(1426,12,1422004,0),(1427,12,1412004,0),(1428,12,1322009,0),(1429,12,1322011,0),(1430,12,1442000,0),(1431,12,1412005,0),(1432,12,1402002,0),(1433,12,1432004,0),(1434,12,1442010,0),(1435,12,1422008,0),(1436,12,1442007,0),(1437,12,1422009,0),(1438,12,1322019,0),(1439,12,1412003,0),(1440,12,1412007,0),(1441,12,1302009,0),(1442,12,1412000,0),(1443,12,1322014,0),(1444,12,1402001,0),(1445,12,1402007,0),(1446,12,1432005,0),(1447,12,1382001,0),(1448,12,1372007,0),(1449,12,1382010,0),(1450,12,1382007,0),(1451,12,1372000,0),(1452,12,1372003,0),(1453,12,1382011,0),(1454,12,1382006,0),(1455,12,1382000,0),(1456,12,1452004,0),(1457,12,1452000,0),(1458,12,1452010,0),(1459,12,1452015,0),(1460,12,1452014,0),(1461,12,1462012,0),(1462,12,1462010,0),(1463,12,1452017,0),(1464,12,1462000,0),(1465,12,1452008,0),(1466,12,1452006,0),(1467,12,1462006,0),(1468,12,1452007,0),(1469,12,1452002,0),(1470,12,1402001,0),(1471,12,1472006,0),(1472,12,1472010,0),(1473,12,1332022,0),(1474,12,1332011,0),(1475,12,1472015,0),(1476,12,1472016,0),(1477,12,1472023,0),(1478,12,1472028,0),(1479,12,1472022,0),(1480,12,1472011,0),(1481,12,1472026,0),(1482,12,1332024,0),(1483,12,1332009,0),(1484,12,1472017,0),(1485,12,1472013,0),(1486,12,1472029,0),(1487,12,1472021,0),(1488,12,1332015,0),(1489,12,1332031,0),(1490,12,1332023,0),(1491,12,1332004,0),(1492,12,1472000,0),(1493,12,1332019,0),(1494,12,1472027,0),(1495,12,1332018,0),(1496,12,1472007,0),(1497,12,1332012,0),(1498,12,1332016,0),(1499,12,1472024,0),(1500,12,1332017,0),(1501,12,1332003,0),(1502,12,1472012,0),(1503,12,1472014,0),(1504,12,1472005,0),(1505,12,1472018,0),(1506,12,1472001,0),(1507,12,1072294,0),(1508,12,1492009,0),(1509,12,2022439,1),(1510,12,2040804,1),(1511,12,2040805,1),(1512,12,2340000,1),(1513,12,2043803,2),(1514,12,1102085,2),(1515,13,2040605,0),(1516,13,2040626,0),(1517,13,2040609,0),(1518,13,2040607,0),(1519,13,2041029,0),(1520,13,2041027,0),(1521,13,2041031,0),(1522,13,2041037,0),(1523,13,2041033,0),(1524,13,2041039,0),(1525,13,2041041,0),(1526,13,2041035,0),(1527,13,2040809,0),(1528,13,2040813,0),(1529,13,2040015,0),(1530,13,2040009,0),(1531,13,2040011,0),(1532,13,2040013,0),(1533,13,2040509,0),(1534,13,2040521,0),(1535,13,2040519,0),(1536,13,2040507,0),(1537,13,2040905,0),(1538,13,2040909,0),(1539,13,2040907,0),(1540,13,2040713,0),(1541,13,2040715,0),(1542,13,2040717,0),(1543,13,2040405,0),(1544,13,2040409,0),(1545,13,2040407,0),(1546,13,2040426,0),(1547,13,2040303,0),(1548,13,2040307,0),(1549,13,2040309,0),(1550,13,2044505,0),(1551,13,2044705,0),(1552,13,2044605,0),(1553,13,2043305,0),(1554,13,2043105,0),(1555,13,2043205,0),(1556,13,2043005,0),(1557,13,2043007,0),(1558,13,2044405,0),(1559,13,2044305,0),(1560,13,2043805,0),(1561,13,2044105,0),(1562,13,2044205,0),(1563,13,2044005,0),(1564,13,2043705,0),(1565,13,2044901,0),(1566,13,2012000,0),(1567,13,2000004,0),(1568,13,2020008,0),(1569,13,2000005,0),(1570,13,2012002,0),(1571,13,2101004,0),(1572,13,2101005,0),(1573,13,2101002,0),(1574,13,2101003,0),(1575,13,4006000,0),(1576,13,1092014,0),(1577,13,1402017,0),(1578,13,1002037,0),(1579,13,1002034,0),(1580,13,1002064,0),(1581,13,1002038,0),(1582,13,1382037,0),(1583,13,1372000,0),(1584,13,1002013,0),(1585,13,1002035,0),(1586,13,1002065,0),(1587,13,1382000,0),(1588,13,1452018,0),(1589,13,1472010,0),(1590,13,1002175,0),(1591,13,1472017,0),(1592,13,1472025,0),(1593,13,1002610,0),(1594,13,1002616,0),(1595,13,1002622,0),(1596,13,1002628,0),(1597,13,1002634,0),(1598,13,1002640,0),(1599,13,1002646,0),(1600,13,1052095,0),(1601,13,1052101,0),(1602,13,1052107,0),(1603,13,1052113,0),(1604,13,1052119,0),(1605,13,1052125,0),(1606,13,1052131,0),(1607,13,1072285,0),(1608,13,1072291,0),(1609,13,1072297,0),(1610,13,1072303,0),(1611,13,1072309,0),(1612,13,1072315,0),(1613,13,1082180,0),(1614,13,1082186,0),(1615,13,1082192,0),(1616,13,1082198,0),(1617,13,1082204,0),(1618,13,1082210,0),(1619,13,1482001,0),(1620,13,1482003,0),(1621,13,1482005,0),(1622,13,1482007,0),(1623,13,1482009,0),(1624,13,1482011,0),(1625,13,1492000,0),(1626,13,1492002,0),(1627,13,1492004,0),(1628,13,1492006,0),(1629,13,1492008,0),(1630,13,1492010,0),(1631,13,1492012,0),(1632,13,1002613,0),(1633,13,1002619,0),(1634,13,1002625,0),(1635,13,1002631,0),(1636,13,1002637,0),(1637,13,1002643,0),(1638,13,1052098,0),(1639,13,1052104,0),(1640,13,1052110,0),(1641,13,1052116,0),(1642,13,1052122,0),(1643,13,1052128,0),(1644,13,1072288,0),(1645,13,1072294,0),(1646,13,1072300,0),(1647,13,1072306,0),(1648,13,1072312,0),(1649,13,1072318,0),(1650,13,1072338,0),(1651,13,1082183,0),(1652,13,1082189,0),(1653,13,1082195,0),(1654,13,1082201,0),(1655,13,1082207,0),(1656,13,1082213,0),(1657,13,1482000,0),(1658,13,1482002,0),(1659,13,1482004,0),(1660,13,1482006,0),(1661,13,1482008,0),(1662,13,1482010,0),(1663,13,1482012,0),(1664,13,1492001,0),(1665,13,1492003,0),(1666,13,1492005,0),(1667,13,1492007,0),(1668,13,1492009,0),(1669,13,1492011,0),(1670,13,2044800,0),(1671,13,2044801,0),(1672,13,2044802,0),(1673,13,2044803,0),(1674,13,2044804,0),(1675,13,2044805,0),(1676,13,2044806,0),(1677,13,2044807,0),(1678,13,2044808,0),(1679,13,2044809,0),(1680,13,2044900,0),(1681,13,2044901,0),(1682,13,2044902,0),(1683,13,2044903,0),(1684,13,2044904,0),(1685,13,2040811,1),(1686,13,2040815,1),(1687,13,2101001,1);

/*Data for the table `gachapon_pool_level_chance` */

insert  into `gachapon_pool_level_chance`(`Id`,`PoolId`,`Level`,`Chance`) values (1,1,0,90),(2,1,1,8),(3,1,2,2),(4,2,0,90),(5,2,1,8),(6,2,2,2),(7,3,0,90),(8,3,1,8),(9,3,2,2),(10,4,0,90),(11,4,1,8),(12,4,2,2),(13,5,0,90),(14,5,1,8),(15,5,2,2),(16,6,0,90),(17,6,1,8),(18,6,2,2),(19,7,0,90),(20,7,1,8),(21,7,2,2),(22,8,0,90),(23,8,1,8),(24,8,2,2),(25,9,0,90),(26,9,1,8),(27,9,2,2),(28,10,0,90),(29,10,1,8),(30,10,2,2),(31,11,0,90),(32,11,1,8),(33,11,2,2),(34,12,0,90),(35,12,1,8),(36,12,2,2),(37,13,0,90),(38,13,1,8),(39,13,2,2);

